__date__, Define
__file__, Define
__line__, Define
__time__, Define
__version_3__, Define
__version__, Define
aacus, Label, 4x214, 4x20
acorn, Label, 4x342, 4x1A
bead, Label, 4x1F8, 4x4
beancounter, Label, 4x336, 4xE
beg1, Label, 4x250, 4x0
blackhole, Label, 4x328, 4x0
blunder, Label, 4x232, 4x3E
bomb, Label, 4x206, 4x12
bouncer, Label, 4x250, 4x0
caladdress, Label, 4x472, 4x12A
calcx, Label, 4x218, 4x24
calnext1, Label, 4x412, 4xCA
calnext2, Label, 4x42A, 4xE2
calnext3, Label, 4x442, 4xFA
cc1, Label, 4x33E, 4x16
cc2, Label, 4x340, 4x18
checksum, Label, 4x47A, 4x132
chew, Label, 4x21E, 4x2A
codesegment1, Label, 4x0, 4x0
codesegment2, Label, 4xB8, 4x0
compass, Label, 4x334, 4xC
continue1_2, Label, 4x3A8, 4x60
continue1_3, Label, 4x3E6, 4x9E
cookie, Label, 4x210, 4x1C
counter1, Label, 4x4DA, 4x14
counter2, Label, 4x4DC, 4x16
crumb, Label, 4x220, 4x2C
d22d, Label, 4x200, 4xC
datasegment, Label, 4x1F4, 4x0
datasegmentmtest, Label, 4x4C6, 4x0
deeb, Label, 4x1FC, 4x8
doh, Label, 4x1B8, 4x100
doh2, Label, 4x1D4, 4x11C
done, Label, 4x22E, 4x3A
done1, Label, 4x43C, 4xF4
done2, Label, 4x46A, 4x122
done3, Label, 4x3D2, 4x8A
done4, Label, 4x410, 4xC8
donefor, Label, 4x424, 4xDC
drow, Label, 4x45E, 4x116
drow1, Label, 4x458, 4x110
duh, Label, 4x21C, 4x28
dunk, Label, 4x20A, 4x16
end_m, Label, 4x1F2, 4x13A
fillm1, Label, 4x360, 4x18
fillm2, Label, 4x376, 4x2E
fillm3, Label, 4x392, 4x4A
fivespd, Label, 4x21A, 4x26
foed, Label, 4x204, 4x10
foob, Label, 4x212, 4x1E
fun, Label, 4x1FA, 4x6
game, Label, 4x222, 4x2E
gethere, Label, 4x316, 4x8
getoverhere, Label, 4x1E0, 4x128
gloomy, Label, 4x33C, 4x14
good, Label, 4x20E, 4x1A
goof, Label, 4x208, 4x14
goofycode, Label, 4x30E, 4x0
halt, Label, 4x4C4, 4x17C
hope, Label, 4x242, 4x4E
howhigh, Label, 4xD8, 4x20
joiner, Label, 4x216, 4x22
ldthis, Label, 4x32C, 4x4
leaf, Label, 4x1FE, 4xA
life, Label, 4x202, 4xE
looprowsa, Label, 4x48C, 4x144
looprowsb, Label, 4x49A, 4x152
looprowsc, Label, 4x4A8, 4x160
looprowsd, Label, 4x4B6, 4x16E
m00, Label, 4x4E4, 4x0
m01, Label, 4x4E6, 4x2
m02, Label, 4x4E8, 4x4
m03, Label, 4x4EA, 4x6
m04, Label, 4x4EC, 4x8
m05, Label, 4x4EE, 4xA
m06, Label, 4x4F0, 4xC
m07, Label, 4x4F2, 4xE
m08, Label, 4x4F4, 4x10
m09, Label, 4x4F6, 4x12
m0a, Label, 4x4F8, 4x14
m0b, Label, 4x4FA, 4x16
m0c, Label, 4x4FC, 4x18
m0d, Label, 4x4FE, 4x1A
m0e, Label, 4x500, 4x1C
m0f, Label, 4x502, 4x1E
m10, Label, 4x504, 4x20
m11, Label, 4x506, 4x22
m12, Label, 4x508, 4x24
m13, Label, 4x50A, 4x26
m14, Label, 4x50C, 4x28
m15, Label, 4x50E, 4x2A
m16, Label, 4x510, 4x2C
m17, Label, 4x512, 4x2E
m18, Label, 4x514, 4x30
m19, Label, 4x516, 4x32
m1a, Label, 4x518, 4x34
m1b, Label, 4x51A, 4x36
m1c, Label, 4x51C, 4x38
m1d, Label, 4x51E, 4x3A
m1e, Label, 4x520, 4x3C
m1f, Label, 4x522, 4x3E
m20, Label, 4x524, 4x40
m21, Label, 4x526, 4x42
m22, Label, 4x528, 4x44
m23, Label, 4x52A, 4x46
m24, Label, 4x52C, 4x48
m25, Label, 4x52E, 4x4A
m26, Label, 4x530, 4x4C
m27, Label, 4x532, 4x4E
m28, Label, 4x534, 4x50
m29, Label, 4x536, 4x52
m2a, Label, 4x538, 4x54
m2b, Label, 4x53A, 4x56
m2c, Label, 4x53C, 4x58
m2d, Label, 4x53E, 4x5A
m2e, Label, 4x540, 4x5C
m2f, Label, 4x542, 4x5E
m30, Label, 4x544, 4x60
m31, Label, 4x546, 4x62
m32, Label, 4x548, 4x64
m33, Label, 4x54A, 4x66
m34, Label, 4x54C, 4x68
m35, Label, 4x54E, 4x6A
m36, Label, 4x550, 4x6C
m37, Label, 4x552, 4x6E
m38, Label, 4x554, 4x70
m39, Label, 4x556, 4x72
m3a, Label, 4x558, 4x74
m3b, Label, 4x55A, 4x76
m3c, Label, 4x55C, 4x78
m3d, Label, 4x55E, 4x7A
m3e, Label, 4x560, 4x7C
m3f, Label, 4x562, 4x7E
m40, Label, 4x564, 4x80
m41, Label, 4x566, 4x82
m42, Label, 4x568, 4x84
m43, Label, 4x56A, 4x86
m44, Label, 4x56C, 4x88
m45, Label, 4x56E, 4x8A
m46, Label, 4x570, 4x8C
m47, Label, 4x572, 4x8E
m48, Label, 4x574, 4x90
m49, Label, 4x576, 4x92
m4a, Label, 4x578, 4x94
m4b, Label, 4x57A, 4x96
m4c, Label, 4x57C, 4x98
m4d, Label, 4x57E, 4x9A
m4e, Label, 4x580, 4x9C
m4f, Label, 4x582, 4x9E
m50, Label, 4x584, 4xA0
m51, Label, 4x586, 4xA2
m52, Label, 4x588, 4xA4
m53, Label, 4x58A, 4xA6
m54, Label, 4x58C, 4xA8
m55, Label, 4x58E, 4xAA
m56, Label, 4x590, 4xAC
m57, Label, 4x592, 4xAE
m58, Label, 4x594, 4xB0
m59, Label, 4x596, 4xB2
m5a, Label, 4x598, 4xB4
m5b, Label, 4x59A, 4xB6
m5c, Label, 4x59C, 4xB8
m5d, Label, 4x59E, 4xBA
m5e, Label, 4x5A0, 4xBC
m5f, Label, 4x5A2, 4xBE
m60, Label, 4x5A4, 4xC0
m61, Label, 4x5A6, 4xC2
m62, Label, 4x5A8, 4xC4
m63, Label, 4x5AA, 4xC6
m64, Label, 4x5AC, 4xC8
m65, Label, 4x5AE, 4xCA
m66, Label, 4x5B0, 4xCC
m67, Label, 4x5B2, 4xCE
m68, Label, 4x5B4, 4xD0
m69, Label, 4x5B6, 4xD2
m6a, Label, 4x5B8, 4xD4
m6b, Label, 4x5BA, 4xD6
m6c, Label, 4x5BC, 4xD8
m6d, Label, 4x5BE, 4xDA
m6e, Label, 4x5C0, 4xDC
m6f, Label, 4x5C2, 4xDE
m70, Label, 4x5C4, 4xE0
m71, Label, 4x5C6, 4xE2
m72, Label, 4x5C8, 4xE4
m73, Label, 4x5CA, 4xE6
m74, Label, 4x5CC, 4xE8
m75, Label, 4x5CE, 4xEA
m76, Label, 4x5D0, 4xEC
m77, Label, 4x5D2, 4xEE
m78, Label, 4x5D4, 4xF0
m79, Label, 4x5D6, 4xF2
m7a, Label, 4x5D8, 4xF4
m7b, Label, 4x5DA, 4xF6
m7c, Label, 4x5DC, 4xF8
m7d, Label, 4x5DE, 4xFA
m7e, Label, 4x5E0, 4xFC
m7f, Label, 4x5E2, 4xFE
m80, Label, 4x5E4, 4x100
m81, Label, 4x5E6, 4x102
m82, Label, 4x5E8, 4x104
m83, Label, 4x5EA, 4x106
m84, Label, 4x5EC, 4x108
m85, Label, 4x5EE, 4x10A
m86, Label, 4x5F0, 4x10C
m87, Label, 4x5F2, 4x10E
m88, Label, 4x5F4, 4x110
m89, Label, 4x5F6, 4x112
m8a, Label, 4x5F8, 4x114
m8b, Label, 4x5FA, 4x116
m8c, Label, 4x5FC, 4x118
m8d, Label, 4x5FE, 4x11A
m8e, Label, 4x600, 4x11C
m8f, Label, 4x602, 4x11E
m90, Label, 4x604, 4x120
m91, Label, 4x606, 4x122
m92, Label, 4x608, 4x124
m93, Label, 4x60A, 4x126
m94, Label, 4x60C, 4x128
m95, Label, 4x60E, 4x12A
m96, Label, 4x610, 4x12C
m97, Label, 4x612, 4x12E
m98, Label, 4x614, 4x130
m99, Label, 4x616, 4x132
m9a, Label, 4x618, 4x134
m9b, Label, 4x61A, 4x136
m9c, Label, 4x61C, 4x138
m9d, Label, 4x61E, 4x13A
m9e, Label, 4x620, 4x13C
m9f, Label, 4x622, 4x13E
ma0, Label, 4x624, 4x140
ma1, Label, 4x626, 4x142
ma2, Label, 4x628, 4x144
ma3, Label, 4x62A, 4x146
ma4, Label, 4x62C, 4x148
ma5, Label, 4x62E, 4x14A
ma6, Label, 4x630, 4x14C
ma7, Label, 4x632, 4x14E
ma8, Label, 4x634, 4x150
ma9, Label, 4x636, 4x152
maa, Label, 4x638, 4x154
mab, Label, 4x63A, 4x156
mac, Label, 4x63C, 4x158
mad, Label, 4x63E, 4x15A
mae, Label, 4x640, 4x15C
maf, Label, 4x642, 4x15E
mask, Label, 4x4E2, 4x1C
matrix1, Label, 4x4E4, 4x0
matrix2, Label, 4x6E4, 4x0
matrix3, Label, 4x8E4, 4x0
mb0, Label, 4x644, 4x160
mb1, Label, 4x646, 4x162
mb2, Label, 4x648, 4x164
mb3, Label, 4x64A, 4x166
mb4, Label, 4x64C, 4x168
mb5, Label, 4x64E, 4x16A
mb6, Label, 4x650, 4x16C
mb7, Label, 4x652, 4x16E
mb8, Label, 4x654, 4x170
mb9, Label, 4x656, 4x172
mba, Label, 4x658, 4x174
mbb, Label, 4x65A, 4x176
mbc, Label, 4x65C, 4x178
mbd, Label, 4x65E, 4x17A
mbe, Label, 4x660, 4x17C
mbf, Label, 4x662, 4x17E
mc0, Label, 4x664, 4x180
mc1, Label, 4x666, 4x182
mc2, Label, 4x668, 4x184
mc3, Label, 4x66A, 4x186
mc4, Label, 4x66C, 4x188
mc5, Label, 4x66E, 4x18A
mc6, Label, 4x670, 4x18C
mc7, Label, 4x672, 4x18E
mc8, Label, 4x674, 4x190
mc9, Label, 4x676, 4x192
mca, Label, 4x678, 4x194
mcb, Label, 4x67A, 4x196
mcc, Label, 4x67C, 4x198
mcd, Label, 4x67E, 4x19A
mce, Label, 4x680, 4x19C
mcf, Label, 4x682, 4x19E
md0, Label, 4x684, 4x1A0
md1, Label, 4x686, 4x1A2
md2, Label, 4x688, 4x1A4
md3, Label, 4x68A, 4x1A6
md4, Label, 4x68C, 4x1A8
md5, Label, 4x68E, 4x1AA
md6, Label, 4x690, 4x1AC
md7, Label, 4x692, 4x1AE
md8, Label, 4x694, 4x1B0
md9, Label, 4x696, 4x1B2
mda, Label, 4x698, 4x1B4
mdb, Label, 4x69A, 4x1B6
mdc, Label, 4x69C, 4x1B8
mdd, Label, 4x69E, 4x1BA
mde, Label, 4x6A0, 4x1BC
mdf, Label, 4x6A2, 4x1BE
me0, Label, 4x6A4, 4x1C0
me1, Label, 4x6A6, 4x1C2
me2, Label, 4x6A8, 4x1C4
me3, Label, 4x6AA, 4x1C6
me4, Label, 4x6AC, 4x1C8
me5, Label, 4x6AE, 4x1CA
me6, Label, 4x6B0, 4x1CC
me7, Label, 4x6B2, 4x1CE
me8, Label, 4x6B4, 4x1D0
me9, Label, 4x6B6, 4x1D2
mea, Label, 4x6B8, 4x1D4
meb, Label, 4x6BA, 4x1D6
mec, Label, 4x6BC, 4x1D8
med, Label, 4x6BE, 4x1DA
mee, Label, 4x6C0, 4x1DC
mef, Label, 4x6C2, 4x1DE
mf0, Label, 4x6C4, 4x1E0
mf1, Label, 4x6C6, 4x1E2
mf2, Label, 4x6C8, 4x1E4
mf3, Label, 4x6CA, 4x1E6
mf4, Label, 4x6CC, 4x1E8
mf5, Label, 4x6CE, 4x1EA
mf6, Label, 4x6D0, 4x1EC
mf7, Label, 4x6D2, 4x1EE
mf8, Label, 4x6D4, 4x1F0
mf9, Label, 4x6D6, 4x1F2
mfa, Label, 4x6D8, 4x1F4
mfb, Label, 4x6DA, 4x1F6
mfc, Label, 4x6DC, 4x1F8
mfd, Label, 4x6DE, 4x1FA
mfe, Label, 4x6E0, 4x1FC
mff, Label, 4x6E2, 4x1FE
moneymoney, Label, 4x348, 4x0
muddle, Label, 4x234, 4x40
muddler, Label, 4x23E, 4x4A
mudpie, Label, 4x230, 4x3C
n00, Label, 4x6E4, 4x0
n01, Label, 4x6E6, 4x2
n02, Label, 4x6E8, 4x4
n03, Label, 4x6EA, 4x6
n04, Label, 4x6EC, 4x8
n05, Label, 4x6EE, 4xA
n06, Label, 4x6F0, 4xC
n07, Label, 4x6F2, 4xE
n08, Label, 4x6F4, 4x10
n09, Label, 4x6F6, 4x12
n0a, Label, 4x6F8, 4x14
n0b, Label, 4x6FA, 4x16
n0c, Label, 4x6FC, 4x18
n0d, Label, 4x6FE, 4x1A
n0e, Label, 4x700, 4x1C
n0f, Label, 4x702, 4x1E
n10, Label, 4x704, 4x20
n11, Label, 4x706, 4x22
n12, Label, 4x708, 4x24
n13, Label, 4x70A, 4x26
n14, Label, 4x70C, 4x28
n15, Label, 4x70E, 4x2A
n16, Label, 4x710, 4x2C
n17, Label, 4x712, 4x2E
n18, Label, 4x714, 4x30
n19, Label, 4x716, 4x32
n1a, Label, 4x718, 4x34
n1b, Label, 4x71A, 4x36
n1c, Label, 4x71C, 4x38
n1d, Label, 4x71E, 4x3A
n1e, Label, 4x720, 4x3C
n1f, Label, 4x722, 4x3E
n20, Label, 4x724, 4x40
n21, Label, 4x726, 4x42
n22, Label, 4x728, 4x44
n23, Label, 4x72A, 4x46
n24, Label, 4x72C, 4x48
n25, Label, 4x72E, 4x4A
n26, Label, 4x730, 4x4C
n27, Label, 4x732, 4x4E
n28, Label, 4x734, 4x50
n29, Label, 4x736, 4x52
n2a, Label, 4x738, 4x54
n2b, Label, 4x73A, 4x56
n2c, Label, 4x73C, 4x58
n2d, Label, 4x73E, 4x5A
n2e, Label, 4x740, 4x5C
n2f, Label, 4x742, 4x5E
n30, Label, 4x744, 4x60
n31, Label, 4x746, 4x62
n32, Label, 4x748, 4x64
n33, Label, 4x74A, 4x66
n34, Label, 4x74C, 4x68
n35, Label, 4x74E, 4x6A
n36, Label, 4x750, 4x6C
n37, Label, 4x752, 4x6E
n38, Label, 4x754, 4x70
n39, Label, 4x756, 4x72
n3a, Label, 4x758, 4x74
n3b, Label, 4x75A, 4x76
n3c, Label, 4x75C, 4x78
n3d, Label, 4x75E, 4x7A
n3e, Label, 4x760, 4x7C
n3f, Label, 4x762, 4x7E
n40, Label, 4x764, 4x80
n41, Label, 4x766, 4x82
n42, Label, 4x768, 4x84
n43, Label, 4x76A, 4x86
n44, Label, 4x76C, 4x88
n45, Label, 4x76E, 4x8A
n46, Label, 4x770, 4x8C
n47, Label, 4x772, 4x8E
n48, Label, 4x774, 4x90
n49, Label, 4x776, 4x92
n4a, Label, 4x778, 4x94
n4b, Label, 4x77A, 4x96
n4c, Label, 4x77C, 4x98
n4d, Label, 4x77E, 4x9A
n4e, Label, 4x780, 4x9C
n4f, Label, 4x782, 4x9E
n50, Label, 4x784, 4xA0
n51, Label, 4x786, 4xA2
n52, Label, 4x788, 4xA4
n53, Label, 4x78A, 4xA6
n54, Label, 4x78C, 4xA8
n55, Label, 4x78E, 4xAA
n56, Label, 4x790, 4xAC
n57, Label, 4x792, 4xAE
n58, Label, 4x794, 4xB0
n59, Label, 4x796, 4xB2
n5a, Label, 4x798, 4xB4
n5b, Label, 4x79A, 4xB6
n5c, Label, 4x79C, 4xB8
n5d, Label, 4x79E, 4xBA
n5e, Label, 4x7A0, 4xBC
n5f, Label, 4x7A2, 4xBE
n60, Label, 4x7A4, 4xC0
n61, Label, 4x7A6, 4xC2
n62, Label, 4x7A8, 4xC4
n63, Label, 4x7AA, 4xC6
n64, Label, 4x7AC, 4xC8
n65, Label, 4x7AE, 4xCA
n66, Label, 4x7B0, 4xCC
n67, Label, 4x7B2, 4xCE
n68, Label, 4x7B4, 4xD0
n69, Label, 4x7B6, 4xD2
n6a, Label, 4x7B8, 4xD4
n6b, Label, 4x7BA, 4xD6
n6c, Label, 4x7BC, 4xD8
n6d, Label, 4x7BE, 4xDA
n6e, Label, 4x7C0, 4xDC
n6f, Label, 4x7C2, 4xDE
n70, Label, 4x7C4, 4xE0
n71, Label, 4x7C6, 4xE2
n72, Label, 4x7C8, 4xE4
n73, Label, 4x7CA, 4xE6
n74, Label, 4x7CC, 4xE8
n75, Label, 4x7CE, 4xEA
n76, Label, 4x7D0, 4xEC
n77, Label, 4x7D2, 4xEE
n78, Label, 4x7D4, 4xF0
n79, Label, 4x7D6, 4xF2
n7a, Label, 4x7D8, 4xF4
n7b, Label, 4x7DA, 4xF6
n7c, Label, 4x7DC, 4xF8
n7d, Label, 4x7DE, 4xFA
n7e, Label, 4x7E0, 4xFC
n7f, Label, 4x7E2, 4xFE
n80, Label, 4x7E4, 4x100
n81, Label, 4x7E6, 4x102
n82, Label, 4x7E8, 4x104
n83, Label, 4x7EA, 4x106
n84, Label, 4x7EC, 4x108
n85, Label, 4x7EE, 4x10A
n86, Label, 4x7F0, 4x10C
n87, Label, 4x7F2, 4x10E
n88, Label, 4x7F4, 4x110
n89, Label, 4x7F6, 4x112
n8a, Label, 4x7F8, 4x114
n8b, Label, 4x7FA, 4x116
n8c, Label, 4x7FC, 4x118
n8d, Label, 4x7FE, 4x11A
n8e, Label, 4x800, 4x11C
n8f, Label, 4x802, 4x11E
n90, Label, 4x804, 4x120
n91, Label, 4x806, 4x122
n92, Label, 4x808, 4x124
n93, Label, 4x80A, 4x126
n94, Label, 4x80C, 4x128
n95, Label, 4x80E, 4x12A
n96, Label, 4x810, 4x12C
n97, Label, 4x812, 4x12E
n98, Label, 4x814, 4x130
n99, Label, 4x816, 4x132
n9a, Label, 4x818, 4x134
n9b, Label, 4x81A, 4x136
n9c, Label, 4x81C, 4x138
n9d, Label, 4x81E, 4x13A
n9e, Label, 4x820, 4x13C
n9f, Label, 4x822, 4x13E
na0, Label, 4x824, 4x140
na1, Label, 4x826, 4x142
na2, Label, 4x828, 4x144
na3, Label, 4x82A, 4x146
na4, Label, 4x82C, 4x148
na5, Label, 4x82E, 4x14A
na6, Label, 4x830, 4x14C
na7, Label, 4x832, 4x14E
na8, Label, 4x834, 4x150
na9, Label, 4x836, 4x152
naa, Label, 4x838, 4x154
nab, Label, 4x83A, 4x156
nac, Label, 4x83C, 4x158
nad, Label, 4x83E, 4x15A
nae, Label, 4x840, 4x15C
naf, Label, 4x842, 4x15E
nb0, Label, 4x844, 4x160
nb1, Label, 4x846, 4x162
nb2, Label, 4x848, 4x164
nb3, Label, 4x84A, 4x166
nb4, Label, 4x84C, 4x168
nb5, Label, 4x84E, 4x16A
nb6, Label, 4x850, 4x16C
nb7, Label, 4x852, 4x16E
nb8, Label, 4x854, 4x170
nb9, Label, 4x856, 4x172
nba, Label, 4x858, 4x174
nbb, Label, 4x85A, 4x176
nbc, Label, 4x85C, 4x178
nbd, Label, 4x85E, 4x17A
nbe, Label, 4x860, 4x17C
nbf, Label, 4x862, 4x17E
nc0, Label, 4x864, 4x180
nc1, Label, 4x866, 4x182
nc2, Label, 4x868, 4x184
nc3, Label, 4x86A, 4x186
nc4, Label, 4x86C, 4x188
nc5, Label, 4x86E, 4x18A
nc6, Label, 4x870, 4x18C
nc7, Label, 4x872, 4x18E
nc8, Label, 4x874, 4x190
nc9, Label, 4x876, 4x192
nca, Label, 4x878, 4x194
ncb, Label, 4x87A, 4x196
ncc, Label, 4x87C, 4x198
ncd, Label, 4x87E, 4x19A
nce, Label, 4x880, 4x19C
ncf, Label, 4x882, 4x19E
nd0, Label, 4x884, 4x1A0
nd1, Label, 4x886, 4x1A2
nd2, Label, 4x888, 4x1A4
nd3, Label, 4x88A, 4x1A6
nd4, Label, 4x88C, 4x1A8
nd5, Label, 4x88E, 4x1AA
nd6, Label, 4x890, 4x1AC
nd7, Label, 4x892, 4x1AE
nd8, Label, 4x894, 4x1B0
nd9, Label, 4x896, 4x1B2
nda, Label, 4x898, 4x1B4
ndb, Label, 4x89A, 4x1B6
ndc, Label, 4x89C, 4x1B8
ndd, Label, 4x89E, 4x1BA
nde, Label, 4x8A0, 4x1BC
ndf, Label, 4x8A2, 4x1BE
ne0, Label, 4x8A4, 4x1C0
ne1, Label, 4x8A6, 4x1C2
ne2, Label, 4x8A8, 4x1C4
ne3, Label, 4x8AA, 4x1C6
ne4, Label, 4x8AC, 4x1C8
ne5, Label, 4x8AE, 4x1CA
ne6, Label, 4x8B0, 4x1CC
ne7, Label, 4x8B2, 4x1CE
ne8, Label, 4x8B4, 4x1D0
ne9, Label, 4x8B6, 4x1D2
nea, Label, 4x8B8, 4x1D4
neb, Label, 4x8BA, 4x1D6
nec, Label, 4x8BC, 4x1D8
ned, Label, 4x8BE, 4x1DA
nee, Label, 4x8C0, 4x1DC
nef, Label, 4x8C2, 4x1DE
negonefive, Label, 4x4E0, 4x1A
nf0, Label, 4x8C4, 4x1E0
nf1, Label, 4x8C6, 4x1E2
nf2, Label, 4x8C8, 4x1E4
nf3, Label, 4x8CA, 4x1E6
nf4, Label, 4x8CC, 4x1E8
nf5, Label, 4x8CE, 4x1EA
nf6, Label, 4x8D0, 4x1EC
nf7, Label, 4x8D2, 4x1EE
nf8, Label, 4x8D4, 4x1F0
nf9, Label, 4x8D6, 4x1F2
nfa, Label, 4x8D8, 4x1F4
nfb, Label, 4x8DA, 4x1F6
nfc, Label, 4x8DC, 4x1F8
nfd, Label, 4x8DE, 4x1FA
nfe, Label, 4x8E0, 4x1FC
nff, Label, 4x8E2, 4x1FE
nosedive, Label, 4x330, 4x8
o00, Label, 4x8E4, 4x0
o01, Label, 4x8E6, 4x2
o02, Label, 4x8E8, 4x4
o03, Label, 4x8EA, 4x6
o04, Label, 4x8EC, 4x8
o05, Label, 4x8EE, 4xA
o06, Label, 4x8F0, 4xC
o07, Label, 4x8F2, 4xE
o08, Label, 4x8F4, 4x10
o09, Label, 4x8F6, 4x12
o0a, Label, 4x8F8, 4x14
o0b, Label, 4x8FA, 4x16
o0c, Label, 4x8FC, 4x18
o0d, Label, 4x8FE, 4x1A
o0e, Label, 4x900, 4x1C
o0f, Label, 4x902, 4x1E
o10, Label, 4x904, 4x20
o11, Label, 4x906, 4x22
o12, Label, 4x908, 4x24
o13, Label, 4x90A, 4x26
o14, Label, 4x90C, 4x28
o15, Label, 4x90E, 4x2A
o16, Label, 4x910, 4x2C
o17, Label, 4x912, 4x2E
o18, Label, 4x914, 4x30
o19, Label, 4x916, 4x32
o1a, Label, 4x918, 4x34
o1b, Label, 4x91A, 4x36
o1c, Label, 4x91C, 4x38
o1d, Label, 4x91E, 4x3A
o1e, Label, 4x920, 4x3C
o1f, Label, 4x922, 4x3E
o20, Label, 4x924, 4x40
o21, Label, 4x926, 4x42
o22, Label, 4x928, 4x44
o23, Label, 4x92A, 4x46
o24, Label, 4x92C, 4x48
o25, Label, 4x92E, 4x4A
o26, Label, 4x930, 4x4C
o27, Label, 4x932, 4x4E
o28, Label, 4x934, 4x50
o29, Label, 4x936, 4x52
o2a, Label, 4x938, 4x54
o2b, Label, 4x93A, 4x56
o2c, Label, 4x93C, 4x58
o2d, Label, 4x93E, 4x5A
o2e, Label, 4x940, 4x5C
o2f, Label, 4x942, 4x5E
o30, Label, 4x944, 4x60
o31, Label, 4x946, 4x62
o32, Label, 4x948, 4x64
o33, Label, 4x94A, 4x66
o34, Label, 4x94C, 4x68
o35, Label, 4x94E, 4x6A
o36, Label, 4x950, 4x6C
o37, Label, 4x952, 4x6E
o38, Label, 4x954, 4x70
o39, Label, 4x956, 4x72
o3a, Label, 4x958, 4x74
o3b, Label, 4x95A, 4x76
o3c, Label, 4x95C, 4x78
o3d, Label, 4x95E, 4x7A
o3e, Label, 4x960, 4x7C
o3f, Label, 4x962, 4x7E
o40, Label, 4x964, 4x80
o41, Label, 4x966, 4x82
o42, Label, 4x968, 4x84
o43, Label, 4x96A, 4x86
o44, Label, 4x96C, 4x88
o45, Label, 4x96E, 4x8A
o46, Label, 4x970, 4x8C
o47, Label, 4x972, 4x8E
o48, Label, 4x974, 4x90
o49, Label, 4x976, 4x92
o4a, Label, 4x978, 4x94
o4b, Label, 4x97A, 4x96
o4c, Label, 4x97C, 4x98
o4d, Label, 4x97E, 4x9A
o4e, Label, 4x980, 4x9C
o4f, Label, 4x982, 4x9E
o50, Label, 4x984, 4xA0
o51, Label, 4x986, 4xA2
o52, Label, 4x988, 4xA4
o53, Label, 4x98A, 4xA6
o54, Label, 4x98C, 4xA8
o55, Label, 4x98E, 4xAA
o56, Label, 4x990, 4xAC
o57, Label, 4x992, 4xAE
o58, Label, 4x994, 4xB0
o59, Label, 4x996, 4xB2
o5a, Label, 4x998, 4xB4
o5b, Label, 4x99A, 4xB6
o5c, Label, 4x99C, 4xB8
o5d, Label, 4x99E, 4xBA
o5e, Label, 4x9A0, 4xBC
o5f, Label, 4x9A2, 4xBE
o60, Label, 4x9A4, 4xC0
o61, Label, 4x9A6, 4xC2
o62, Label, 4x9A8, 4xC4
o63, Label, 4x9AA, 4xC6
o64, Label, 4x9AC, 4xC8
o65, Label, 4x9AE, 4xCA
o66, Label, 4x9B0, 4xCC
o67, Label, 4x9B2, 4xCE
o68, Label, 4x9B4, 4xD0
o69, Label, 4x9B6, 4xD2
o6a, Label, 4x9B8, 4xD4
o6b, Label, 4x9BA, 4xD6
o6c, Label, 4x9BC, 4xD8
o6d, Label, 4x9BE, 4xDA
o6e, Label, 4x9C0, 4xDC
o6f, Label, 4x9C2, 4xDE
o70, Label, 4x9C4, 4xE0
o71, Label, 4x9C6, 4xE2
o72, Label, 4x9C8, 4xE4
o73, Label, 4x9CA, 4xE6
o74, Label, 4x9CC, 4xE8
o75, Label, 4x9CE, 4xEA
o76, Label, 4x9D0, 4xEC
o77, Label, 4x9D2, 4xEE
o78, Label, 4x9D4, 4xF0
o79, Label, 4x9D6, 4xF2
o7a, Label, 4x9D8, 4xF4
o7b, Label, 4x9DA, 4xF6
o7c, Label, 4x9DC, 4xF8
o7d, Label, 4x9DE, 4xFA
o7e, Label, 4x9E0, 4xFC
o7f, Label, 4x9E2, 4xFE
o80, Label, 4x9E4, 4x100
o81, Label, 4x9E6, 4x102
o82, Label, 4x9E8, 4x104
o83, Label, 4x9EA, 4x106
o84, Label, 4x9EC, 4x108
o85, Label, 4x9EE, 4x10A
o86, Label, 4x9F0, 4x10C
o87, Label, 4x9F2, 4x10E
o88, Label, 4x9F4, 4x110
o89, Label, 4x9F6, 4x112
o8a, Label, 4x9F8, 4x114
o8b, Label, 4x9FA, 4x116
o8c, Label, 4x9FC, 4x118
o8d, Label, 4x9FE, 4x11A
o8e, Label, 4xA00, 4x11C
o8f, Label, 4xA02, 4x11E
o90, Label, 4xA04, 4x120
o91, Label, 4xA06, 4x122
o92, Label, 4xA08, 4x124
o93, Label, 4xA0A, 4x126
o94, Label, 4xA0C, 4x128
o95, Label, 4xA0E, 4x12A
o96, Label, 4xA10, 4x12C
o97, Label, 4xA12, 4x12E
o98, Label, 4xA14, 4x130
o99, Label, 4xA16, 4x132
o9a, Label, 4xA18, 4x134
o9b, Label, 4xA1A, 4x136
o9c, Label, 4xA1C, 4x138
o9d, Label, 4xA1E, 4x13A
o9e, Label, 4xA20, 4x13C
o9f, Label, 4xA22, 4x13E
oa0, Label, 4xA24, 4x140
oa1, Label, 4xA26, 4x142
oa2, Label, 4xA28, 4x144
oa3, Label, 4xA2A, 4x146
oa4, Label, 4xA2C, 4x148
oa5, Label, 4xA2E, 4x14A
oa6, Label, 4xA30, 4x14C
oa7, Label, 4xA32, 4x14E
oa8, Label, 4xA34, 4x150
oa9, Label, 4xA36, 4x152
oaa, Label, 4xA38, 4x154
oab, Label, 4xA3A, 4x156
oac, Label, 4xA3C, 4x158
oad, Label, 4xA3E, 4x15A
oae, Label, 4xA40, 4x15C
oaf, Label, 4xA42, 4x15E
ob0, Label, 4xA44, 4x160
ob1, Label, 4xA46, 4x162
ob2, Label, 4xA48, 4x164
ob3, Label, 4xA4A, 4x166
ob4, Label, 4xA4C, 4x168
ob5, Label, 4xA4E, 4x16A
ob6, Label, 4xA50, 4x16C
ob7, Label, 4xA52, 4x16E
ob8, Label, 4xA54, 4x170
ob9, Label, 4xA56, 4x172
oba, Label, 4xA58, 4x174
obb, Label, 4xA5A, 4x176
obc, Label, 4xA5C, 4x178
obd, Label, 4xA5E, 4x17A
obe, Label, 4xA60, 4x17C
obf, Label, 4xA62, 4x17E
oc0, Label, 4xA64, 4x180
oc1, Label, 4xA66, 4x182
oc2, Label, 4xA68, 4x184
oc3, Label, 4xA6A, 4x186
oc4, Label, 4xA6C, 4x188
oc5, Label, 4xA6E, 4x18A
oc6, Label, 4xA70, 4x18C
oc7, Label, 4xA72, 4x18E
oc8, Label, 4xA74, 4x190
oc9, Label, 4xA76, 4x192
oca, Label, 4xA78, 4x194
ocb, Label, 4xA7A, 4x196
occ, Label, 4xA7C, 4x198
ocd, Label, 4xA7E, 4x19A
oce, Label, 4xA80, 4x19C
ocf, Label, 4xA82, 4x19E
od0, Label, 4xA84, 4x1A0
od1, Label, 4xA86, 4x1A2
od2, Label, 4xA88, 4x1A4
od3, Label, 4xA8A, 4x1A6
od4, Label, 4xA8C, 4x1A8
od5, Label, 4xA8E, 4x1AA
od6, Label, 4xA90, 4x1AC
od7, Label, 4xA92, 4x1AE
od8, Label, 4xA94, 4x1B0
od9, Label, 4xA96, 4x1B2
oda, Label, 4xA98, 4x1B4
odb, Label, 4xA9A, 4x1B6
odc, Label, 4xA9C, 4x1B8
odd, Label, 4xA9E, 4x1BA
ode, Label, 4xAA0, 4x1BC
odf, Label, 4xAA2, 4x1BE
oe0, Label, 4xAA4, 4x1C0
oe1, Label, 4xAA6, 4x1C2
oe2, Label, 4xAA8, 4x1C4
oe3, Label, 4xAAA, 4x1C6
oe4, Label, 4xAAC, 4x1C8
oe5, Label, 4xAAE, 4x1CA
oe6, Label, 4xAB0, 4x1CC
oe7, Label, 4xAB2, 4x1CE
oe8, Label, 4xAB4, 4x1D0
oe9, Label, 4xAB6, 4x1D2
oea, Label, 4xAB8, 4x1D4
oeb, Label, 4xABA, 4x1D6
oec, Label, 4xABC, 4x1D8
oed, Label, 4xABE, 4x1DA
oee, Label, 4xAC0, 4x1DC
oef, Label, 4xAC2, 4x1DE
of0, Label, 4xAC4, 4x1E0
of1, Label, 4xAC6, 4x1E2
of2, Label, 4xAC8, 4x1E4
of3, Label, 4xACA, 4x1E6
of4, Label, 4xACC, 4x1E8
of5, Label, 4xACE, 4x1EA
of6, Label, 4xAD0, 4x1EC
of7, Label, 4xAD2, 4x1EE
of8, Label, 4xAD4, 4x1F0
of9, Label, 4xAD6, 4x1F2
ofa, Label, 4xAD8, 4x1F4
ofb, Label, 4xADA, 4x1F6
ofc, Label, 4xADC, 4x1F8
ofd, Label, 4xADE, 4x1FA
ofe, Label, 4xAE0, 4x1FC
off, Label, 4xAE2, 4x1FE
onefourthree, Label, 4x4DE, 4x18
optimist, Label, 4x33A, 4x12
payout, Label, 4x346, 4x1E
pessimist, Label, 4x338, 4x10
photostat, Label, 4x32E, 4x6
quark, Label, 4x344, 4x1C
result, Label, 4x20C, 4x18
skip, Label, 4x428, 4xE0
skip1, Label, 4x440, 4xF8
skip2, Label, 4x46E, 4x126
sofar, Label, 4x1C2, 4x10A
sogood, Label, 4x1D8, 4x120
spot1, Label, 4x224, 4x30
spot2, Label, 4x226, 4x32
spot3, Label, 4x228, 4x34
spot4, Label, 4x22A, 4x36
start, Label, 4x0, 4x0
t1, Label, 4x2B6, 4x66
t10, Label, 4x302, 4xB2
t2, Label, 4x2D2, 4x82
t3, Label, 4x2D8, 4x88
t4, Label, 4x2DE, 4x8E
t5, Label, 4x2E4, 4x94
t6, Label, 4x2EA, 4x9A
t7, Label, 4x2F2, 4xA2
tailspin, Label, 4x332, 4xA
temp1, Label, 4x4CE, 4x8
temp2, Label, 4x4D0, 4xA
temp3, Label, 4x4D2, 4xC
temp4, Label, 4x4D4, 4xE
test, Label, 4x22C, 4x38
thisdataseg, Label, 4x328, 4x0
twofivesix, Label, 4x4D6, 4x10
uppermemstart, Label, 4x4D8, 4x12
woohoo, Label, 4x1BA, 4x102
wormhole, Label, 4x32A, 4x2
x1, Label, 4x4C6, 4x0
x2, Label, 4x4CA, 4x4
xtest, Label, 4x432, 4xEA
y1, Label, 4x4C8, 4x2
y2, Label, 4x4CC, 4x6
ytest, Label, 4x41A, 4xD2
zero, Label, 4x1F4, 4x0
zoop, Label, 4x1F6, 4x2
